,Obj Value,Cost of Charging,Degradation Cost
0,120.81913305390344,73.63177707713874,47.18735597676473
