,Obj Value,Cost of Charging,Degradation Cost
0,74.08591520720691,45.07478673423724,29.011128472969666
