,Obj Value,Cost of Charging,Degradation Cost
0,100.97162116488278,61.43238261040601,39.53923855447675
