,Obj Value,Cost of Charging,Degradation Cost
0,108.7154604931288,66.14383049208081,42.571630001048014
