,Obj Value,Cost of Charging,Degradation Cost
0,61.909947344777024,37.656523979527506,24.253423365249517
