,Obj Value,Cost of Charging,Degradation Cost
0,101.36057182437067,61.63334821455667,39.727223609814
