,Obj Value,Cost of Charging,Degradation Cost
0,92.72892654108199,56.41742530791719,36.311501233164805
