,Obj Value,Regup Value,RegUpDispatch Value,Regdown Value,RegdownDispatch Value,Cost of Charging,Cost of RD,Degradation Cost
0,583.1485541624663,308.5281849874376,0.0,375.563556357279,0.0,61.415083020814805,0.0,39.52810416143556
