,Obj Value,Cost of Charging,Degradation Cost
0,96.17649453173239,58.51496842243698,37.6615261092954
