,Obj Value,Cost of Charging,Degradation Cost
0,138.2689897838994,84.12456595627961,54.144423827619796
