,Obj Value,Cost of Charging,Degradation Cost
0,89.5203747933412,54.46530274957689,35.055072043764305
